{"churn": 0.8258311748504639, "propensity_category": 0.6443134844303132, "propensity_sku": 0.7041509032249451}