{"churn": 0.5202226638793945, "propensity_category": 0.6858914017677307, "propensity_sku": 0.6284943163394929}