{"churn": 0.8285693526268005, "propensity_category": 0.6501814067363739, "propensity_sku": 0.6791926205158233}