{"churn": 0.8273528218269348, "propensity_category": 0.6361531496047974, "propensity_sku": 0.6823919892311097}